isbn,rank,website,title,writer,image,date
9791168474000,1,millie,세이노의 가르침,세이노,https://img.millie.co.kr/200x/service/cover/179590093/2fa4ba51473f42d3962302d3ed3bcd77.jpg,2023-03-18
9791198013033,2,millie,김미경의 마흔 수업,김미경,https://img.millie.co.kr/200x/service/cover/179593048/1e25ee98bc9e4f668cc1c0143750f2e1.jpg,2023-03-18
9791197689291,3,millie,뉴욕 정신과 의사의 사람 도서관,나종호,https://img.millie.co.kr/200x/service/cover/179594156/9f3bcb8310da4713ac25d103ae46e255.jpg,2023-03-18
9791191891294,4,millie,GPT 제너레이션,이시한,https://img.millie.co.kr/200x/service/cover/179593848/256bbc2befc54a6b8c4f2e2bb4de3800.jpg,2023-03-18
9791161571195,5,millie,불편한 편의점,김호연 지음,https://img.millie.co.kr/200x/service/cover/179513691/68295a1af83b4af383d41f933718adf4.jpg,2023-03-18
9791130697918,7,millie,효기심의 권력으로 읽는 세계사: 유럽편,효기심(최영효),https://img.millie.co.kr/200x/service/cover/179595126/c768efe46e5548be884043d18b05e07a.jpg,2023-03-18
9791158748555,8,millie,나는 논어를 만나 행복해졌다,판덩 지음 / 이서연 옮김,https://img.millie.co.kr/200x/service/cover/179585512/ee7d02fb0c1f4bde94c405051b320492.jpg,2023-03-18
9791130697826,9,millie,조셉 머피 잠재의식의 힘,조셉 머피 지음 / 조율리 옮김,https://img.millie.co.kr/200x/service/cover/179595511/74caaefdef8b4f98a08fdcd10b663bb4.jpg,2023-03-18
9791158883751,10,millie,부자 아빠 가난한 아빠 20주년 특별 기념판,저자 로버트 기요사키 지음 / 안진환 옮김,https://img.millie.co.kr/200x/service/cover/179587553/9e2bfd09bbd542a6beb9da0fcd05ef36.jpg,2023-03-18
9791161571263,11,millie,불편한 편의점,김호연 지음,https://img.millie.co.kr/200x/service/cover/179537543/487088eda3c14770af3198d2751a005e.jpg,2023-03-18
9791130698625,12,millie,거인의 노트,김익한,https://img.millie.co.kr/200x/service/cover/179596542/8627edddd4d74ffca54d77e898983767.jpg,2023-03-18
9788972779018,13,millie,나는 나를 바꾸기로 했다,우즈훙 / 이에스더,https://img.millie.co.kr/200x/service/cover/179576155/8c0e8f2febc144b48eba9bebfc6c196a.jpg,2023-03-18
9791191043341,14,millie,"오늘 밤, 세계에서 이 사랑이 사라진다 해도","이치조미사키 지음, 권영주 옮김",https://image.aladin.co.kr/product/27407/79/letslook/K362732558_f.jpg,2023-03-18
9788901260877,15,millie,역행자,자청,https://img.millie.co.kr/200x/service/cover/179566551/8866a72490d24eeb8056ab295899a77f.jpg,2023-03-18
9791140902194,16,millie,싸울아비K 1권,대문호,https://img.millie.co.kr/200x/service/cover/179592939/0c3ffcf73c9d4229905adc12e3f7df4e.jpg,2023-03-18
9791164798902,17,millie,환상서점 ,소서림,https://img.millie.co.kr/200x/service/cover/179587358/f1b11478faae49b380d0f508367c9214.jpg,2023-03-18
9791161571386,18,millie,불편한 편의점 2,김호연,https://img.millie.co.kr/200x/service/cover/179572960/38dd4a8f43de4fb982c7265184a720b3.jpg,2023-03-18
9791166706172,19,millie,"자동사냥 돌렸는데, 내가 강해짐 1권",아바타,https://img.millie.co.kr/200x/service/cover/179594654/1572b12daff7473eade2e87ca846d841.jpg,2023-03-18
9791130697567,20,millie,레버리지,롭 무어 지음 / 김유미 옮김,https://img.millie.co.kr/200x/service/cover/179580217/4b8876858db24d3988adaf794c76bba9.jpg,2023-03-18
9788998934385,21,millie,알아두면 쓸데있는 신 잡학상식,편집부 지음,https://img.millie.co.kr/200x/service/cover/179517109/81d14a6c2c88428ba109eff294bfb0f6.jpg,2023-03-18
9788956608594,22,millie,구의 증명,최진영 지음,https://img.millie.co.kr/200x/service/cover/179482075/5d4ca7c24c314ba6a953f2a3f86ed7bc.jpg,2023-03-18
9791198173836,23,millie,세상 끝의 카페,존 스트레레키 지음 / 고상숙 옮김,https://img.millie.co.kr/200x/service/cover/179595232/3ccf7307739f47aa9e24e14127d08c41.jpg,2023-03-18
9788934972723,24,millie,사피엔스,"유발하라리 지음, 조현욱 옮김",https://img.millie.co.kr/200x/service/cover/7880427/ae91d28f7d5140b9800b0e00d11052dd.jpg,2023-03-18
9791190313254,25,millie,지적 대화를 위한 넓고 얕은 지식 1,채사장 지음,https://img.millie.co.kr/200x/service/cover/179462588/e765b2df9df045cb95312c62e848badf.jpg,2023-03-18
9791191521238,26,millie,K 배터리 레볼루션,박순혁,https://img.millie.co.kr/200x/service/cover/179593066/00ae61d9a3e74e50ab145f453531882f.jpg,2023-03-18
9791191669428,27,millie,미루는 습관 극복하기 ,리스창 지음 / 홍민경 옮김,https://img.millie.co.kr/200x/service/cover/179593877/b456de0eb0024eeb9e37113c3407be5c.jpg,2023-03-18
9791197871276,28,millie,주식 시세의 비밀,정재호(부자아빠),https://img.millie.co.kr/200x/service/cover/179593604/468410c57b024226ac26276ea6de1a0a.jpg,2023-03-18
9788954678551,29,millie,천문학자는 별을 보지 않는다 ,심채경,https://img.millie.co.kr/200x/service/cover/179592885/860849dde7964f9f9fc0e3e5db30e4a7.jpg,2023-03-18
9791192403007,30,millie,당신은 결국 무엇이든 해내는 사람,김상현,https://img.millie.co.kr/200x/service/cover/179564995/f8aabfe88d504cb1aecd1412220cb133.jpg,2023-03-18
9791192312378,31,millie,지금보다 괜찮은 어른,김혜민,https://img.millie.co.kr/200x/service/cover/179589430/286570ca896f42fca28d0f9161d1b49b.jpg,2023-03-18
9791161819709,32,millie,지옥에서 돌아온 한대성 1권,갈색팬더,https://img.millie.co.kr/200x/service/cover/179595771/b72f1a8dc0bd40e7ba609912658b4bbd.jpg,2023-03-18
9791130641072,33,millie,만일 내가 인생을 다시 산다면,김혜남,https://img.millie.co.kr/200x/service/cover/179580677/ea926cd186014095befc4e647a6d5c0e.jpg,2023-03-18
9791190538527,34,millie,만일 내가 인생을 다시 산다면,김혜남,https://img.millie.co.kr/200x/service/cover/179580677/ea926cd186014095befc4e647a6d5c0e.jpg,2023-03-18
9791130697635,35,millie,악인론,손수현,https://img.millie.co.kr/200x/service/cover/179593221/0188003bd7d44c49bdd5141835b6bde7.jpg,2023-03-18
9791161571416,36,millie,불편한 편의점 2,김호연,https://img.millie.co.kr/200x/service/cover/179572960/de64957b6baa45fd8501d98efb14dfdf.jpg,2023-03-18
9791130697765,37,millie,인생을 숙제처럼 살지 않기로 했다,웃따(나예랑),https://img.millie.co.kr/200x/service/cover/179591333/1a91bdfce9194d12b7cdc906f4ee88eb.jpg,2023-03-18
9791165847739,38,millie,집 밖은 위험해 1권,정민,https://img.millie.co.kr/200x/service/cover/179594642/aeb67c07db9540b58b71aeab140b21b7.jpg,2023-03-18
9791190313216,39,millie,지적 대화를 위한 넓고 얕은 지식 0(제로),채사장 지음,https://img.millie.co.kr/200x/service/cover/179463933/299efaaf058b45a689628dcd5824faf0.jpg,2023-03-18
9791187440383,40,millie,알아두면 쓸데 있는 유쾌한 상식사전 1 : 일상생활 편,조홍석,https://img.millie.co.kr/200x/service/cover/15857635/dd26b7fadfd4407f81dd74e8aadfbf1e.jpg,2023-03-18
9791192300412,41,millie,신경 끄기 연습,나이토 요시히토 지음 / 김한나 옮김,https://img.millie.co.kr/200x/service/cover/179586758/dcbe94cb92ef4603ac1bc1bbf5695dea.jpg,2023-03-18
9791160893915,42,millie,물고기는 존재하지 않는다,룰루 밀러 / 정지인,https://img.millie.co.kr/200x/service/cover/179555067/1f23ea1aee174b6e832b89f51e2e783b.jpg,2023-03-18
9788925525655,43,millie,"하루 한 장, 인생 그림",이소영,https://img.millie.co.kr/200x/service/cover/179594301/d61244974b014b88ac051da24d04ce66.jpg,2023-03-18
9791187142690,44,millie,데일 카네기 인간관계론,"데일카네기 지음, 임상훈 옮김",https://img.millie.co.kr/200x/service/cover/179464131/18b2d5b3977941a3bdce903531fc476d.jpg,2023-03-18
9788976045287,45,millie,수상한 목욕탕,마쓰오 유미 지음 / 이수은 옮김,https://img.millie.co.kr/200x/service/cover/179571959/67f6f33181b24443b84a4edaeaed4db2.jpg,2023-03-18
9788959897100,46,millie,트렌드 코리아 2023,"김난도, 전미영, 최지혜, 이수진, 권정윤, 이준영, 이향은, 한다혜, 이혜원, 추예린",https://img.millie.co.kr/200x/service/cover/179580688/d051803c00f240c49a22ccea403344ea.jpg,2023-03-18
9791158510640,47,millie,타이탄의 도구들(블랙 에디션),"팀페리스 지음 / 박선령, 정지현 옮김",https://img.millie.co.kr/200x/service/cover/15653234/85ced2d0a76e4bb38b75ff85c51487cc.jpg,2023-03-18
9791165341053,48,millie,달러구트 꿈 백화점,이미예 지음,https://img.millie.co.kr/200x/service/cover/179467030/0a02d0ead74b4cbda9e8a945e1c125de.jpg,2023-03-18
9791191119893,49,millie,"하루 한 편, 세상에서 가장 짧은 명작 읽기 1",송정림 지음,https://img.millie.co.kr/200x/service/cover/179566743/ccb029b401504c3d8187528b938e69b5.jpg,2023-03-18
9791192097435,50,millie,헛소리의 품격 (출판사 에디션),이승용,https://img.millie.co.kr/200x/service/cover/179593819/2f3a796d6cde4b4aa7c9a82bd0e330d1.jpg,2023-03-18
9791165347130,51,millie,세컨드 브레인,티아고 포르테 저 / 서은경 역 ,https://img.millie.co.kr/200x/service/cover/179595036/2834aad86b174cd7a23eea6d9b9b9f11.jpg,2023-03-18
9788962624854,52,millie,챗GPT에게 묻는 인류의 미래,"김대식 지음 / 김민정, 권태형, 유병진, 유지윤, 추서연 옮김",https://img.millie.co.kr/200x/service/cover/179593607/ea53612595cc457fb50526b474372edd.jpg,2023-03-18
9791164955350,53,millie,구원의 밤 1권,신민영,https://img.millie.co.kr/200x/service/cover/179591690/36c041824ad946f7845419f670cdf67b.jpg,2023-03-18
9788954642606,54,millie,하얼빈,김훈,https://img.millie.co.kr/200x/service/cover/179584512/2c14e84114a248d99fd3fde6b7ff8985.jpg,2023-03-18
9791166831898,55,millie,영어 필사 100일의 기적,퍼포먼스 코치 리아,https://img.millie.co.kr/200x/service/cover/179551393/6eb29836e75c45dfba29bb4d50eacead.jpg,2023-03-18
9791191154832,56,millie,입술 좀 빌려주세요 1권,김소한,https://img.millie.co.kr/200x/service/cover/179595867/cda7de3540374e5f9c76d4e7a3c49f85.jpg,2023-03-18
9791138402392,57,millie,비밀,히가시노 게이고 지음 / 양윤옥 옮김,https://img.millie.co.kr/200x/service/cover/179593182/9e41c5c0d55442e496d9ff5e582d76b9.jpg,2023-03-18
9791168129085,58,millie,매일 하면 좋은 생각,김유진,https://img.millie.co.kr/200x/service/cover/179589876/5a5e8a00a41445899259a24df1cda68d.jpg,2023-03-18
9788901269634,59,millie,당신은 생각보다 강하다,전미경,https://img.millie.co.kr/200x/service/cover/179595243/558f22d063bb4f86b51b601e44330416.jpg,2023-03-18
9791157686391,60,millie,인스타 브레인,"안데르스한센 지음, 김아영 옮김",https://img.millie.co.kr/200x/service/cover/179487156/2a4e6688ecec41758c02ea7aaee3e0ac.jpg,2023-03-18
9791191114232,61,millie,작별 인사,김영하,https://img.millie.co.kr/200x/service/cover/179565562/31784c8bd7014784a967ffce38156dd3.jpg,2023-03-18
9791169083188,62,millie,세상의 모든 에블린에게 1화,주현,https://img.millie.co.kr/200x/service/cover/179594435/190d2379037c438eb57323f7c396a514.jpg,2023-03-18
ISSN 12280798,63,millie,엘르 ELLE 2023.03,ELLE 편집부,https://img.millie.co.kr/200x/service/cover/179595231/4004347f255746c2b9161dd0769ac7b9.jpg,2023-03-18
9791190398312,65,millie,데일 카네기 인간관계론,"데일카네기 지음, 임상훈 옮김",https://img.millie.co.kr/200x/service/cover/179509760/b525beaf9637402daaed836d03d9c3de.jpg,2023-03-18
9791191769364,66,millie,삶의 목적을 찾는 45가지 방법,챗GPT 지음 / AI 파파고 옮김 / 셔터스톡AI 일러스트 / 서진 기획,https://img.millie.co.kr/200x/service/cover/179593565/d0acf9dec5824901a60cba6ffec6b5f1.jpg,2023-03-18
9788998342302,67,millie,마법의 돈 굴리기,김성일 지음,https://img.millie.co.kr/200x/service/cover/15652801/b184da3e27684343a086e5cce636c44a.jpg,2023-03-18
9788947599948,68,millie,초거대 위협,누리엘 루비니 지음 / 박슬라 옮김,https://img.millie.co.kr/200x/service/cover/179593796/6253b6fecd9a4f0180fd20d8ce89a002.jpg,2023-03-18
9791192300252,69,millie,마흔에 읽는 니체,장재형,https://img.millie.co.kr/200x/service/cover/179575201/a82e6ffa3f364692ac91a243c379de36.jpg,2023-03-18
9791191438420,70,millie,거꾸로 읽는 세계사 ,유시민,https://img.millie.co.kr/200x/service/cover/179548661/fa73235df6ea4defbaab951472a38c9a.jpg,2023-03-18
9791192123950,73,millie,"어서 오세요, 휴남동 서점입니다",황보름,https://img.millie.co.kr/200x/service/cover/179559027/9c9968d647ef4c969428359aa4a1de41.jpg,2023-03-18
9788934995005,74,millie,팩트풀니스,"한스로슬링,올라로슬링,안나로슬링뢴룬드 지음, 이창신 옮김",https://img.millie.co.kr/200x/service/cover/23421881/efeffa4f472745008c999e9a6154bc51.jpg,2023-03-18
9791188331895,75,millie,돈의 속성 200쇄 개정증보판,김승호 지음,https://img.millie.co.kr/200x/service/cover/179466986/d851b9223d534326933d8df61aabcbe4.jpg,2023-03-18
9791133444205,76,millie,너의 이름은。,신카이 마코토 글,https://img.millie.co.kr/200x/service/cover/179545441/1896a72a31b44551ac6ad6f8d6e2d0b4.jpg,2023-03-18
9791169083157,77,millie,억지로 쉼표 찍기 1화,박상영,https://img.millie.co.kr/200x/service/cover/179593527/b2132e0c11d24f70a3d5981aaba3974d.jpg,2023-03-18
9791169083249,78,millie,"리브랜딩, 해볼 결심 1화",서울라이터,https://img.millie.co.kr/200x/service/cover/179595119/4ca1399074b942d281ed3ef541aeb832.jpg,2023-03-18
9791191777161,79,millie,게으른 뇌에 행동 스위치를 켜라,오히라 노부타카,https://img.millie.co.kr/200x/service/cover/179562669/27c7fc178ef14adfa47f0f40df26799e.jpg,2023-03-18
9788963190556,80,millie,"사실은, 단 한 사람이면 되었다",정해연,https://img.millie.co.kr/200x/service/cover/179595085/341fef5af2c94ec9afd82a420c6133cc.jpg,2023-03-18
9791160894189,81,millie,물고기는 존재하지 않는다,룰루 밀러 / 정지인,https://img.millie.co.kr/200x/service/cover/179563369/35d8f510bc974734bbb458bc6be1b530.jpg,2023-03-18
9788937836374,82,millie,나미야 잡화점의 기적,히가시노 게이고 지음 / 양윤옥 옮김,https://img.millie.co.kr/200x/service/cover/179585446/32fd53251b6b4bbf9d578b39d0a88aec.jpg,2023-03-18
9791187033905,83,millie,망그러진 만화,유랑,https://img.millie.co.kr/200x/service/cover/179578801/d5cfdd9dc42646bb86a26308d7462e1f.jpg,2023-03-18
9791130698243,84,millie,효기심의 권력으로 읽는 세계사: 유럽편,효기심(최영효),https://img.millie.co.kr/200x/service/cover/179595126/c768efe46e5548be884043d18b05e07a.jpg,2023-03-18
9791169083195,85,millie,지금 굶으러 갑니다 0화,오세연,https://img.millie.co.kr/200x/service/cover/179594904/92e21c4789c145828bcb2166d97dc9ca.jpg,2023-03-18
9791191485110,86,millie,엄마가 물고기를 낳았어,진고로호,https://img.millie.co.kr/200x/service/cover/179591069/2bf18fe0d3454ef891c9ce8f3d468e2b.jpg,2023-03-18
9791164451043,87,millie,키다리 아저씨 더모던감성클래식 03,"진웹스터 지음, 허윤정 옮김",https://img.millie.co.kr/200x/service/cover/179542270/56bb4c81199f44b9b36118eb36ed8df7.jpg,2023-03-18
9788937493447,88,millie,데미안,헤르만 헤세 지음 / 전영애 옮김,https://img.millie.co.kr/200x/service/cover/179593874/faf2484da8c840ab8cd4e12aa6a91aba.jpg,2023-03-18
9791191562668,89,millie,"어서 오세요, 휴남동 서점입니다",황보름,https://img.millie.co.kr/200x/service/cover/179544336/993c760a07314817872211e74221c01c.jpg,2023-03-18
9788901233918,90,millie,클루지,"개리마커스 지음, 최호영 옮김",https://img.millie.co.kr/200x/service/cover/1605051/196963723e324b86beaddd2eef48b7bb.jpg,2023-03-18
9791166812934,91,millie,데일 카네기 자기관리론,"데일카네기 지음, 임상훈 옮김",https://image.aladin.co.kr/product/26057/28/letslook/K432737052_f.jpg,2023-03-18
9791167372789,92,millie,여름과 루비,박연준,https://img.millie.co.kr/200x/service/cover/179593910/0b413ff6566f4cdeaac8138f96e6801b.jpg,2023-03-18
9791130612478,93,millie,레버리지,롭 무어 지음 / 김유미 옮김,https://img.millie.co.kr/200x/service/cover/179580217/4b8876858db24d3988adaf794c76bba9.jpg,2023-03-18
9791197768408,94,millie,나는 나로 살기로 했다,김수현,https://img.millie.co.kr/200x/service/cover/179545688/a7aaba66d81747969e590ee723e7f497.jpg,2023-03-18
9788972778523,95,millie,하버드 첫 강의 시간관리 수업 (10만 기념 리커버 에디션),"쉬센장 지음, 하정희 옮김",https://img.millie.co.kr/200x/service/cover/179484622/085eaa17852042f6ba497954a81a5b9c.jpg,2023-03-18
9791191280623,96,millie,데일 카네기 자기관리론,"데일카네기 지음, 임상훈 옮김",https://image.aladin.co.kr/product/26057/28/letslook/K432737052_f.jpg,2023-03-18
9791167372598,97,millie,구의 증명,최진영 지음,https://img.millie.co.kr/200x/service/cover/179482075/5d4ca7c24c314ba6a953f2a3f86ed7bc.jpg,2023-03-18
9791164797998,98,millie,사라진 여자들,메리 쿠비카 / 신솔잎,https://img.millie.co.kr/200x/service/cover/179579859/2f53fa3c768745b49ca37cce99455f5c.jpg,2023-03-18
9791160894691,99,millie,마음의 비즈니스,차우진,https://img.millie.co.kr/200x/service/cover/179595291/c50db53db37b4a87b5e6256d681dfd9e.jpg,2023-03-18
9791155636305,100,millie,내 사랑은 끝나지 않는다,권서현,https://img.millie.co.kr/200x/service/cover/179548222/fda071a14a10436fb669668c2cacbb42.jpg,2023-03-18
